<?xml version="1.0" encoding="UTF-8" ?>
<module>
    <name>transporter</name>
    <displayName><![CDATA[Transporter Business]]></displayName>
    <version><![CDATA[1.0.0]]></version>
    <description><![CDATA[Soluci&oacute;n integral basada en la nube que simplifica la gesti&oacute;n log&iacute;stica de tu tienda online.]]></description>
    <author><![CDATA[Transporter]]></author>
    <tab><![CDATA[shipping_logistics]]></tab>
	<confirmUninstall><![CDATA[¿Estás seguro de que quieres desinstalar el módulo Transporter?]]></confirmUninstall>
    <is_configurable>1</is_configurable>
    <need_instance>1</need_instance>
	<limited_countries></limited_countries>
</module>